time,radar_signal,electricity_consumption,anomaly_consumption
0,0.017770100093325383,59.71532690901051,59.71532690901051
1,-0.13353443587101013,53.31347007103051,53.31347007103051
2,0.03801978510059632,54.820410581120825,54.820410581120825
3,0.061058574528382314,51.96097712738393,51.96097712738393
4,0.055979044793103984,56.10780071075769,56.10780071075769
5,0.10807807255546219,52.80683215515974,52.80683215515974
6,0.08339221545489041,52.06992578438427,52.06992578438427
7,0.10934192757940818,55.165726284459794,55.165726284459794
8,-0.007016571145864703,50.05505799160421,50.05505799160421
9,-0.16609609335159914,50.07664032649225,50.07664032649225
10,0.04296182191325859,52.19068809101858,52.19068809101858
11,0.14736122229006038,50.36721362500821,50.36721362500821
12,0.21640912807994755,51.08025754130691,51.08025754130691
13,-0.12767485758203095,53.38860649338751,53.38860649338751
14,-0.10810565404082624,58.02585679579813,58.02585679579813
15,0.10531528533329036,55.72048643369301,55.72048643369301
16,-0.0039555153856655045,55.12667725956416,55.12667725956416
17,0.06815006973726244,52.934888232081214,52.934888232081214
18,0.0028318376130461176,59.31753719432817,59.31753719432817
19,0.002975613949574519,53.970150412371915,53.970150412371915
20,0.09382838059759978,50.870927667957716,50.870927667957716
21,-0.05160447282173739,56.170665161178015,56.170665161178015
22,0.009612077694098338,51.13838393476601,51.13838393476601
23,-0.04622752887050425,53.45223142801692,53.45223142801692
24,-0.04344962274323156,55.07411938717809,55.07411938717809
25,-0.03091721234686394,58.74222524685176,58.74222524685176
26,0.022213377163371285,54.935465803401186,54.935465803401186
27,-0.04787486216634773,57.022587660316645,57.022587660316645
28,0.12557561255735208,59.9281683899907,59.9281683899907
29,-0.08946073022195039,51.314891198979815,51.314891198979815
30,-0.018687164416135906,52.7473152551952,52.7473152551952
31,-0.043973105827417494,53.945760755976465,53.945760755976465
32,0.1446977884353733,54.218281785388314,54.218281785388314
33,0.2708034648322367,54.110210752655455,117.08903321640791
34,0.41521789964535055,59.07611002556555,153.03539865562794
35,0.22310641835663036,57.14032644466857,57.14032644466857
36,0.026705026586925886,56.07905214090704,56.07905214090704
37,0.08896307956234371,53.09372717862782,136.43609674391072
38,0.00822839892754242,58.237903842212944,58.237903842212944
39,0.10654803750653513,59.55060511484989,59.55060511484989
40,-0.05172884501003722,58.21198282550226,58.21198282550226
41,0.140934744018558,50.01565105191473,50.01565105191473
42,0.22988981236192504,56.36401370183407,56.36401370183407
43,0.39351105604520575,50.51135381442101,50.51135381442101
44,-0.044550252140077184,52.57607220333722,52.57607220333722
45,0.1453384477117701,50.595247003477716,50.595247003477716
46,0.15795721457307124,56.037954529493874,56.037954529493874
47,-0.05228600271532683,56.86589913492607,56.86589913492607
48,-0.042018681709585726,51.14487638065905,51.14487638065905
49,-0.02817846088605072,53.838388830449794,53.838388830449794
50,0.351751684997041,54.56236508955542,54.56236508955542
51,-0.09186519464841983,53.690530217609165,53.690530217609165
52,0.44022674078039076,51.21025000485193,51.21025000485193
53,0.5161281725442275,71.94599970021338,71.94599970021338
54,-0.0034684887386781183,57.511780478084184,57.511780478084184
55,0.6662090829401913,76.78082983458462,76.78082983458462
56,0.1550500492814077,50.80180014081903,50.80180014081903
57,-0.0998354040738791,53.54771291835984,124.10728881808913
58,0.09843223984765838,59.41725711618925,59.41725711618925
59,-0.021398884422550897,56.68572646722914,124.70706782430344
60,-0.004946370965243295,56.786699566725645,56.786699566725645
61,0.06748194921666038,53.61919990837865,53.61919990837865
62,0.5778068093258821,83.97208848300995,83.97208848300995
63,0.03824097461840506,50.10131184027743,50.10131184027743
64,0.01664522082130561,56.36096046409542,56.36096046409542
65,0.04924512640081491,59.13286947576237,147.35053879758374
66,0.02891686439078181,56.125734683448194,56.125734683448194
67,0.9801217226486227,72.80644078461538,72.80644078461538
68,-0.0637739984251316,57.23973055466094,149.09571194619355
69,0.723046768791575,62.54505640454233,62.54505640454233
70,-0.06231405264247644,59.02453307285842,59.02453307285842
71,-0.05554771191602547,50.66443844355775,50.66443844355775
72,-0.06373871273065178,55.339674725477636,55.339674725477636
73,0.9334776051610909,78.96838030059135,78.96838030059135
74,0.1420504247989855,50.11706610730904,50.11706610730904
75,-0.05707462937494763,54.22034260127639,54.22034260127639
76,-0.08323555731042287,52.950407076541566,52.950407076541566
77,0.04714155563864041,54.86000493797603,54.86000493797603
78,-0.05522230442809713,55.77199886734551,55.77199886734551
79,0.06329318177555109,50.43739072308947,50.43739072308947
80,0.8700177320346444,69.01813173081496,69.01813173081496
81,-0.1515744114997232,55.586423964504256,55.586423964504256
82,0.15475052013300616,53.43167353172658,53.43167353172658
83,0.17958776730955217,57.291734875494484,57.291734875494484
84,-0.06127886904843863,56.522916485919396,56.522916485919396
85,-0.03877015599359842,58.45604362989907,58.45604362989907
86,0.028586539072490497,56.924928266692255,56.924928266692255
87,0.0334456789987025,54.29931077390148,54.29931077390148
88,0.9473077907148651,77.56488550929558,77.56488550929558
89,0.20102045387663497,52.753811742554184,52.753811742554184
90,-0.01769472274940494,53.06313498778213,53.06313498778213
91,-0.07982972445384538,57.88985159920793,57.88985159920793
92,-0.13793192280145272,54.46419516401582,54.46419516401582
93,-0.07309300399419191,57.98380340518352,57.98380340518352
94,-0.0033126972873797097,58.22422373668279,58.22422373668279
95,0.17945578635177878,58.57562337661284,58.57562337661284
96,-0.05176112990361714,59.16635235841207,59.16635235841207
97,0.022378795163889853,54.30985220513296,54.30985220513296
98,-0.0016422896072752075,53.18866818321139,53.18866818321139
99,0.1188393273448084,55.821987465941135,55.821987465941135
100,0.2526932425873622,53.71172423437628,53.71172423437628
101,-0.05308687729203207,56.01074166800233,56.01074166800233
102,-0.04894394425182222,57.055858626438244,57.055858626438244
103,0.1044160877069072,56.88405018492137,56.88405018492137
104,0.9778211443171495,83.10684511121639,83.10684511121639
105,0.18467073257360336,51.66860201698753,51.66860201698753
106,0.0583928185325964,54.305293384622075,54.305293384622075
107,-0.035929209078705955,51.42594144081909,51.42594144081909
108,0.05906548306923093,58.90097035183808,58.90097035183808
109,0.11087035805829078,53.45877460737857,53.45877460737857
110,0.08204821811973641,51.544597472233235,51.544597472233235
111,0.05072740311072978,50.25447759905751,50.25447759905751
112,1.040815329224022,67.7895184211493,67.7895184211493
113,1.0718318004886411,79.33538332358935,79.33538332358935
114,0.13821589910375273,53.406041665812914,142.36117098560226
115,1.036682557082506,62.19922733997385,62.19922733997385
116,0.9680959449805225,71.60566751828233,71.60566751828233
117,0.014671368643332284,53.112174950633936,53.112174950633936
118,1.1144893611120898,82.84749730121902,82.84749730121902
119,-0.08169356709872361,56.05779249452691,56.05779249452691
120,1.035734670070298,72.31538193708809,72.31538193708809
121,0.960540246441139,82.1225726206089,82.1225726206089
122,0.0028744822934817487,59.880359661555914,59.880359661555914
123,0.12784518626072988,54.540016211961145,54.540016211961145
124,0.019109906801990335,56.88274235780237,56.88274235780237
125,0.004643654815614881,51.405529675783605,51.405529675783605
126,0.8608691618539505,76.03708269552602,76.03708269552602
127,1.0644467984836548,66.69861025141373,66.69861025141373
128,0.06454841811410754,55.0545511791045,55.0545511791045
129,0.21632547233054603,59.64017407117702,59.64017407117702
130,-0.030777823495300085,53.842067129858,53.842067129858
131,0.021915032766393897,50.38996012574911,121.55671733340898
132,0.024938368371075527,50.30955790919344,50.30955790919344
133,0.15774532797634744,53.879867599468696,53.879867599468696
134,0.9692728929760835,66.002475882727,66.002475882727
135,0.027902152577033924,50.23352096328186,50.23352096328186
136,0.060789650971653925,57.56213613950177,57.56213613950177
137,0.01866091231563581,54.5852300888189,54.5852300888189
138,-0.04464336145505283,52.89244771972655,52.89244771972655
139,0.9832511578497728,76.01124251588804,76.01124251588804
140,1.0523639937006457,68.61205507719627,68.61205507719627
141,-0.10265152994110603,59.55918828955319,59.55918828955319
142,0.0132969674146876,53.13966717377353,53.13966717377353
143,-0.07001208149391733,58.88403672308681,58.88403672308681
144,0.11950466289248425,56.029428764794616,56.029428764794616
145,-0.15231869047837748,58.26707359741488,153.13536688696146
146,-0.05589218472715884,59.840131632104644,59.840131632104644
147,0.03772118750645209,52.88405437818746,52.88405437818746
148,0.15655240292343406,59.61135485407593,59.61135485407593
149,-0.00657502610729878,53.894818949024206,53.894818949024206
150,0.8668343414352615,65.22939260184845,65.22939260184845
151,0.18811570694405902,53.403871042545056,53.403871042545056
152,-0.1448013900416244,55.414076073475854,55.414076073475854
153,-0.2198805956620082,51.541450431784874,51.541450431784874
154,0.9399952192966691,72.92859884211558,72.92859884211558
155,-0.05020542243526112,55.41704812410004,55.41704812410004
156,-0.10212328171307133,57.6190181260487,57.6190181260487
157,0.07083564472993534,58.33649961937586,58.33649961937586
158,0.024380071377119884,54.40441350312424,54.40441350312424
159,-0.05640786307367284,53.023332493514935,53.023332493514935
160,-0.12803043986708945,52.59334897317095,52.59334897317095
161,0.08724573282801447,51.94623836704872,51.94623836704872
162,0.0650201177958661,50.57647582199025,50.57647582199025
163,-0.00991758637793829,53.424479788347135,53.424479788347135
164,0.18466369960476658,52.702476921307834,52.702476921307834
165,0.7590169271518233,78.94894425344857,78.94894425344857
166,-0.1525525170924739,55.57708826250044,55.57708826250044
167,-0.06919080698812445,53.47277039030507,53.47277039030507
168,-0.004558601635549781,55.80467600993696,55.80467600993696
169,0.024333944932269185,51.391967013456956,51.391967013456956
170,-0.02412360578563299,54.44043749202203,54.44043749202203
171,0.03520553965142968,56.26234321421064,56.26234321421064
172,-0.1251539424190444,54.88897831792451,54.88897831792451
173,0.14437646040732596,54.01778800654324,54.01778800654324
174,-0.00821511783925688,59.938483888996984,59.938483888996984
175,0.11172958315881276,58.80314762148927,58.80314762148927
176,0.03427253463777041,56.2340595815944,56.2340595815944
177,0.045675321915378396,55.69377361182283,55.69377361182283
178,0.8895465826579918,80.66135984302193,80.66135984302193
179,0.0447708560017315,52.01312107822433,52.01312107822433
180,0.06427227598675439,53.951377432643184,53.951377432643184
181,0.13291525301324314,50.39459532890899,50.39459532890899
182,0.8154139575009791,77.89005006930043,77.89005006930043
183,0.8266499501131096,79.60555894415971,79.60555894415971
184,-0.008973569428722673,52.2774973610321,52.2774973610321
185,0.1440117215449473,59.64028847165514,59.64028847165514
186,0.6450549411729358,69.26181974690957,69.26181974690957
187,0.18009404329108158,57.221432354559056,57.221432354559056
188,-0.0040157950644343415,55.33386628765363,55.33386628765363
189,-0.14307751021180481,58.69969159647685,58.69969159647685
190,0.012810441491078928,51.30652343823463,51.30652343823463
191,0.5986638347688036,72.25844593435957,72.25844593435957
192,0.7022233411194775,74.48189390766561,74.48189390766561
193,-0.0652623979302391,57.942106625494056,57.942106625494056
194,-0.044618343321477974,52.75767568251357,52.75767568251357
195,-0.18895407309455312,58.77090581018189,58.77090581018189
196,-0.04523063192490767,59.44042093825398,59.44042093825398
197,0.32467193119987514,51.487959694051156,51.487959694051156
198,0.355287109224834,54.62675605065394,54.62675605065394
199,0.07604146561442975,59.80987378162685,59.80987378162685
200,0.07858001586508323,54.83407435973147,54.83407435973147
201,0.04254575617849648,58.635475225145456,58.635475225145456
202,-0.0966976143129213,55.8873152213132,55.8873152213132
203,0.4534553861132125,53.75329907919602,53.75329907919602
204,-0.0003602539090568405,52.8578355552587,52.8578355552587
205,-0.11583646891925428,52.032230910860875,52.032230910860875
206,0.15033983017671507,57.61798191377697,57.61798191377697
207,0.08773622905756714,53.86540506823028,53.86540506823028
208,-0.022096417382966395,55.112754622007515,55.112754622007515
209,0.002688583899453078,54.92325480001182,54.92325480001182
210,0.02083828079475525,55.772790292331315,55.772790292331315
211,-0.20417348684242909,58.655771456245525,58.655771456245525
212,-0.024717738252059696,59.80739343583429,59.80739343583429
213,-0.06819842479977986,54.07584208573817,54.07584208573817
214,-0.10016200098949156,58.27518922106303,58.27518922106303
215,-0.02811002928859549,57.645277946547175,57.645277946547175
216,0.17976865268495226,55.73528951455573,55.73528951455573
217,0.06408428612670099,59.56047143611933,59.56047143611933
218,-0.05711789897827968,52.00474515528403,52.00474515528403
219,0.45818881354222946,51.09264210309622,51.09264210309622
220,0.13993554365860023,58.53961966955422,58.53961966955422
221,0.09246336829127688,54.391498166337485,54.391498166337485
222,0.005963036992017413,58.46968854207061,58.46968854207061
223,-0.06469367777055739,58.93090205195415,58.93090205195415
224,0.069822331361359,50.624575936190716,50.624575936190716
225,0.03934853854217496,58.834647629860605,58.834647629860605
226,0.4315394653284421,54.48319055369422,54.48319055369422
227,0.06351718016819695,55.10432489004232,55.10432489004232
228,0.38668782837336313,56.2659251109321,56.2659251109321
229,-0.0535235211560568,59.26382606730087,59.26382606730087
230,0.13173940656343258,50.19116094429764,50.19116094429764
231,0.019759960469239966,54.76843468317817,54.76843468317817
232,0.20752608726252655,56.877220424305605,56.877220424305605
233,-0.06891878180895679,57.22706957698229,57.22706957698229
234,0.17359638031652494,56.92532431537108,56.92532431537108
235,0.01979107834626478,51.34435129408122,51.34435129408122
236,-0.06514180036144483,52.993955883716815,52.993955883716815
237,-0.04838858340543216,53.587155254170135,53.587155254170135
238,-0.03203473081943202,58.04437207679505,58.04437207679505
239,0.042416594640191645,52.78759872414553,52.78759872414553
240,0.2725940815900908,52.10704963867203,52.10704963867203
241,0.10063139557949197,59.57448019038096,59.57448019038096
242,0.09262058407808416,50.08863285113469,50.08863285113469
243,0.21422703586118638,59.97820855681978,59.97820855681978
244,0.17275431701007116,56.76821298857396,56.76821298857396
245,0.07536030046547088,58.28469299449117,58.28469299449117
246,0.003800347816820029,52.94619396346193,52.94619396346193
247,-0.01972480082624172,50.1431527766706,50.1431527766706
248,-0.033704246031140965,57.3786951856153,57.3786951856153
249,-0.26028065249319066,58.34144597000676,58.34144597000676
250,-0.025737653742334513,57.40476131953519,57.40476131953519
251,-0.16685840738775895,51.428502873008384,51.428502873008384
252,-0.18038822052601267,57.534279222569694,57.534279222569694
253,0.0647195939702741,57.68922782107641,57.68922782107641
254,-0.0483186462299374,56.585405156700546,56.585405156700546
255,0.15739867632900328,57.661159327955865,57.661159327955865
256,-0.40430912314166395,58.45921439677732,58.45921439677732
257,-0.14643748802098203,56.13604114237458,56.13604114237458
258,0.022445181855997205,50.88604713969679,50.88604713969679
259,0.10470983026121546,54.87627809667211,54.87627809667211
260,0.16839276914578688,50.77649334671605,50.77649334671605
261,-0.38790856961256265,54.07543031032431,54.07543031032431
262,0.10786808334312957,54.07106489125628,54.07106489125628
263,-0.003850846950070721,50.66009844140242,50.66009844140242
264,-0.4181932654006958,53.488205339694794,53.488205339694794
265,0.08836599374866724,51.10998098791315,51.10998098791315
266,0.06523228784134197,58.08235210009222,58.08235210009222
267,-0.15763921569842496,59.47688025964471,153.01033196592059
268,0.14765403497258958,50.723164752579386,50.723164752579386
269,0.13800913541474516,59.55115207291701,59.55115207291701
270,-0.5207827918783632,55.22576599336745,55.22576599336745
271,-0.47409703822966553,52.99565677953874,52.99565677953874
272,-0.5176568452344967,50.768620752761635,50.768620752761635
273,-0.5920916096382146,55.006242680704176,55.006242680704176
274,-0.05503051538454201,57.945155444907485,57.945155444907485
275,-0.06716233679380516,57.07086477266698,57.07086477266698
276,-0.002555407099144528,50.50226011463974,50.50226011463974
277,0.11727290192593648,50.72901835367904,115.30206402836873
278,0.05436001545944324,54.02873282632637,54.02873282632637
279,-0.0370614332086106,52.952904940479435,52.952904940479435
280,-0.5895991294514571,52.32384323056048,52.32384323056048
281,-0.28485426206300757,52.81004498908714,52.81004498908714
282,0.11487657003721036,58.03482743296885,58.03482743296885
283,-0.17397137787780997,59.29228053631854,59.29228053631854
284,-0.03624409414031322,54.051026945275666,54.051026945275666
285,-0.1119669894626144,59.06111002132497,59.06111002132497
286,-0.12946814757209058,53.21495701247882,53.21495701247882
287,0.11608267873785194,54.76436986343791,54.76436986343791
288,-0.04677012013118914,52.260289978159996,52.260289978159996
289,0.03465038817307158,56.40476042175844,56.40476042175844
290,-0.0046920578879184075,59.78981115174809,59.78981115174809
291,0.04770408272231215,56.03493096043378,56.03493096043378
292,-0.7050119822728373,53.578140841135486,53.578140841135486
293,-0.12829922241885697,56.47817445990528,116.70059308311895
294,0.09962668194471401,51.229206784653876,51.229206784653876
295,-0.04937565831613125,58.886590802653984,58.886590802653984
296,-0.15565818986597513,55.03083950779836,55.03083950779836
297,-0.04281151609659126,54.49349742039642,54.49349742039642
298,0.1500759790634311,55.858647884535195,55.858647884535195
299,0.08502217421134929,56.247838627894026,56.247838627894026
300,-0.03486521344078592,50.71775806226513,50.71775806226513
301,-0.03492577043184288,56.82617221223403,134.38417030805263
302,-0.03216350512173826,52.4193168031553,52.4193168031553
303,0.2076747983560841,57.1395263250659,57.1395263250659
304,0.03819354522315534,58.22534794384197,58.22534794384197
305,-0.7127454096351512,58.0395850755252,130.4915234720315
306,0.10302834540318423,55.52500967407889,55.52500967407889
307,0.023878915902651354,55.201698923107514,141.43161326548898
308,-0.025904214582070314,51.42875961339412,51.42875961339412
309,-0.019634984908497827,57.75346150403136,57.75346150403136
310,-0.007160125941406395,52.71409380446714,52.71409380446714
311,-0.003722223650984159,54.96695422817947,54.96695422817947
312,0.072762954363698,52.842740929275166,52.842740929275166
313,-0.7905672519501021,51.33828362999693,51.33828362999693
314,-0.7593058469132132,56.295576968917366,56.295576968917366
315,-0.008071658010858232,50.54332034822904,50.54332034822904
316,0.00786351903160906,57.486452341262,57.486452341262
317,-0.19982006845321076,53.17586795261116,53.17586795261116
318,0.09163276747024815,50.00134693004485,50.00134693004485
319,0.03464884758979927,55.111291392372294,55.111291392372294
320,0.09980101098596522,50.46851908527603,50.46851908527603
321,-0.28962553781936895,52.76169557820899,52.76169557820899
322,0.20883747047807277,57.069764874557166,57.069764874557166
323,-0.013958962815517376,50.62689621621866,50.62689621621866
324,-0.7552071221106872,58.39338492356002,149.73631297219765
325,-0.10399059271255309,50.03819922658583,50.03819922658583
326,0.06127739050625697,52.46823869201902,52.46823869201902
327,-0.10534155631736562,57.40904056152071,57.40904056152071
328,-0.062376896069580516,53.16270149729307,53.16270149729307
329,0.19140313538667864,51.01892388066013,149.09354010936573
330,-0.01906824007633466,53.60233918800428,53.60233918800428
331,0.021743287317972287,52.70393286384525,52.70393286384525
332,0.08700677306887543,58.42711902160555,58.42711902160555
333,0.049568188797260465,53.133479175851434,53.133479175851434
334,0.015041890514357642,57.889324717760076,57.889324717760076
335,0.036496100246622545,58.91872144810735,58.91872144810735
336,-0.6556522157675084,54.3381741957653,54.3381741957653
337,-0.005761879703358539,59.09943143854392,59.09943143854392
338,0.020109904671496752,53.77318053963193,53.77318053963193
339,0.1050654396007612,59.64078416490108,59.64078416490108
340,0.11055259329579839,50.89289524525573,50.89289524525573
341,0.11870303055603802,56.87019266503243,56.87019266503243
342,0.06387302220291846,54.93814040456929,54.93814040456929
343,-0.11430049127304837,53.87648805455647,139.6789867166637
344,0.16334315323010962,56.32711878748601,56.32711878748601
345,-0.1146345393018688,57.03857091634331,57.03857091634331
346,0.030263546523903326,50.04363269650309,50.04363269650309
347,-0.0754275850019358,51.669530887471986,51.669530887471986
348,-0.006413834659299254,57.130460506343184,57.130460506343184
349,0.032876241030348044,56.66385413578207,56.66385413578207
350,0.03213572154502731,59.660475051286774,59.660475051286774
351,-0.8801622186810529,57.61037790250783,57.61037790250783
352,0.16137112690586472,59.507727077313376,59.507727077313376
353,0.045353430151397985,57.02540501534807,57.02540501534807
354,-0.02441566352906487,52.98052208639443,52.98052208639443
355,0.09640871682883573,51.05364922250857,51.05364922250857
356,0.11894704889246406,57.818238633449354,57.818238633449354
357,-0.12276078151369925,56.44149221475916,56.44149221475916
358,-0.8852608117296826,50.48186012393296,50.48186012393296
359,0.07011727423108984,53.600504659009786,53.600504659009786
360,-0.029756350335999195,59.56799815484286,59.56799815484286
361,0.13757068133116196,55.00401145710201,55.00401145710201
362,-0.015005558703252674,54.327291360197044,54.327291360197044
363,0.012557645347154226,54.57699605159294,54.57699605159294
364,-0.9811493409883291,52.088827240051636,52.088827240051636
365,0.0015579047581467534,53.68707170864795,53.68707170864795
366,-1.0884299549042988,53.698132559871766,53.698132559871766
367,-1.133826530140362,50.52355020187473,50.52355020187473
368,0.15945050632249724,57.67567628517918,57.67567628517918
369,-0.08469613483183279,54.16504431903879,54.16504431903879
370,-0.09913923494563072,58.221798868164235,58.221798868164235
371,-0.21533901136037148,58.50348001119895,58.50348001119895
372,-0.06389617476895022,52.119940546986584,52.119940546986584
373,-0.13230897934074984,56.57353482170129,56.57353482170129
374,0.16420151601363692,54.722818041629814,54.722818041629814
375,0.10098170893426342,58.80156737921485,58.80156737921485
376,-1.0656698104697147,52.157406791764544,112.7797706515382
377,0.2252435805344309,56.77813200310044,56.77813200310044
378,-0.9016975789747157,56.077521222527224,56.077521222527224
379,-0.032483138350862244,52.95301477571833,52.95301477571833
380,-0.24994057148735732,51.36600903651173,51.36600903651173
381,0.22909425725907417,56.51639760477276,56.51639760477276
382,-0.1389572466763596,57.38597458132331,57.38597458132331
383,-1.1634072138786973,53.1562734376335,53.1562734376335
384,0.10225704320096403,56.44832604022314,56.44832604022314
385,-0.7498632238273268,53.95130907611503,53.95130907611503
386,0.13842728185105183,57.13206883282618,57.13206883282618
387,0.056390912005235966,51.99215274894053,51.99215274894053
388,0.0594754341665286,58.902150026361745,58.902150026361745
389,-0.8994661971341773,52.874095964655794,52.874095964655794
390,-0.8959187093448652,53.67785987756153,53.67785987756153
391,0.02811914239693758,50.5809195208035,50.5809195208035
392,0.010420110395187608,51.115122123212764,51.115122123212764
393,-0.006259312789952242,55.15861902712328,55.15861902712328
394,-0.07539645888666763,52.67592676727971,52.67592676727971
395,-0.9829697491307513,58.354802257421944,58.354802257421944
396,-1.1034435416846453,50.14693388654954,50.14693388654954
397,-0.00983396267947499,53.790940486719364,53.790940486719364
398,-0.09885911071509175,53.373455467690924,53.373455467690924
399,-0.1103589317215771,50.193276309176014,50.193276309176014
400,0.017989415115347848,51.2436839900051,51.2436839900051
401,-0.7704317667200583,54.136426749186356,54.136426749186356
402,0.0918316606002313,54.92864584447447,54.92864584447447
403,-1.0385034238098996,54.04289747254869,54.04289747254869
404,-0.09896281365703376,55.309376784120936,55.309376784120936
405,-0.7556483111506928,55.951316749056815,55.951316749056815
406,-0.09824873935383097,50.099238211278355,50.099238211278355
407,-0.02246331499970246,54.64095159453504,54.64095159453504
408,-0.7595707421478808,59.63499240887588,59.63499240887588
409,-0.09683444548636354,55.19032280129549,55.19032280129549
410,0.010537550614595992,56.775422674589535,56.775422674589535
411,-0.9095490137835771,53.11863857916883,53.11863857916883
412,-0.7947284730526546,57.739913781527626,57.739913781527626
413,0.031978193414253696,57.72921481876115,149.05676852833437
414,-0.15929937335316693,55.21296047654139,55.21296047654139
415,0.044047473796039904,59.76013823279214,59.76013823279214
416,-0.001963779892668122,51.25550214762654,51.25550214762654
417,0.05524899544171478,50.16947664889581,50.16947664889581
418,0.022391413406466144,57.70158211757096,57.70158211757096
419,0.13641404299738444,58.07155537364883,58.07155537364883
420,0.012522450264790728,51.20207229120576,51.20207229120576
421,-0.0429405541125253,52.65582832958606,52.65582832958606
422,0.012229750303228377,50.17552363366629,50.17552363366629
423,0.05432980290363879,52.93308610780565,52.93308610780565
424,0.004886007032570434,57.731418739186715,140.66730067553783
425,0.004059169120388238,55.17960527712579,55.17960527712579
426,-0.07019916878067554,53.48095593168288,53.48095593168288
427,-0.7563691032372069,53.7173929490633,53.7173929490633
428,-0.14026052717996937,50.01353625715468,50.01353625715468
429,0.17495767431869394,52.99800527565236,52.99800527565236
430,-0.12438632353912851,56.4645874163793,56.4645874163793
431,-0.06929051977959073,59.74194443816357,59.74194443816357
432,-0.07184072655691974,58.47060826983899,58.47060826983899
433,0.08949243769444414,50.23594964645529,50.23594964645529
434,-0.02949496782920278,58.985606046748394,58.985606046748394
435,0.12477420726737339,57.83198413298626,57.83198413298626
436,-0.06734906242438686,57.80376123570981,57.80376123570981
437,-0.6148881934641593,54.57995759003572,54.57995759003572
438,-0.08353470532597573,53.980052929545025,53.980052929545025
439,0.21451491277733883,53.02915728833192,53.02915728833192
440,-0.11875984190295129,50.65694858954366,50.65694858954366
441,-0.5619258580319374,52.28235363493699,52.28235363493699
442,0.06337768809320986,52.466036349780246,52.466036349780246
443,0.04137990974514982,54.840770697102016,54.840770697102016
444,-0.5591695833433683,57.47444406596694,57.47444406596694
445,-0.4991788060738114,54.73809828397947,54.73809828397947
446,-0.425413764891261,50.578444494471604,50.578444494471604
447,-0.014700200162848863,59.57789800988204,59.57789800988204
448,0.09638791167949097,59.42724319094113,59.42724319094113
449,0.22105230015913513,57.85189543148408,57.85189543148408
450,-0.05574917850078336,59.9132790156422,59.9132790156422
451,-0.13698029795790778,55.44482332800263,55.44482332800263
452,-0.008828204835125482,59.627683502532065,59.627683502532065
453,-0.1136915218948954,50.75605040616751,50.75605040616751
454,-0.08036745679697309,53.656807482613715,53.656807482613715
455,0.16391168054440675,52.25381268006766,52.25381268006766
456,0.16777008140764407,51.9583308413427,51.9583308413427
457,-0.05535882417079946,51.40802948892676,51.40802948892676
458,0.05689830791852754,56.22413641565997,56.22413641565997
459,0.16283966231285382,57.81321855747305,57.81321855747305
460,-0.037912774098748714,55.782983994203605,55.782983994203605
461,-0.02035803601023618,51.469627095882096,51.469627095882096
462,-0.058168091394864375,58.11123769933471,58.11123769933471
463,-0.10147567306928669,56.35954707163729,56.35954707163729
464,-0.3769612002050878,53.881657061269955,53.881657061269955
465,-0.12239402667622566,56.74130295536063,56.74130295536063
466,0.0034083468259226072,52.59904979242833,52.59904979242833
467,-0.3281453102869435,53.451922084942105,53.451922084942105
468,0.023378591179074773,59.174858431319905,59.174858431319905
469,-0.3448408089807725,52.9050450567142,52.9050450567142
470,0.03308802322144571,54.69988268157937,128.47969227267978
471,-0.043239557412856566,58.901411373960144,58.901411373960144
472,-0.19937356425714556,57.07721350267528,57.07721350267528
473,-0.026018262671807305,50.62203226164703,50.62203226164703
474,0.12276689924732923,51.47303044278971,51.47303044278971
475,-0.1209641018691208,50.07841590771917,50.07841590771917
476,0.16725723868377035,56.309217902291635,56.309217902291635
477,0.04190190093660452,54.47673425410419,54.47673425410419
478,-0.007077265919275974,51.342748509022755,51.342748509022755
479,-0.005576907765770601,59.579341210567705,59.579341210567705
480,0.055832691252172245,55.2965972394562,55.2965972394562
481,0.007600539141241151,52.418932941128894,52.418932941128894
482,0.05387559924463692,55.00603571154708,55.00603571154708
483,-0.09206735930793664,56.79620332735108,56.79620332735108
484,0.0169360824036078,50.76239217973564,50.76239217973564
485,-0.0147789961167486,52.74703815047892,52.74703815047892
486,-0.011122606134870032,58.06965490883994,58.06965490883994
487,-0.09039076414647898,54.59664870402661,54.59664870402661
488,0.11569825010143348,55.46577142032295,55.46577142032295
489,0.3747573047021227,54.32816002209469,54.32816002209469
490,0.10913101205942691,50.43899942643005,50.43899942643005
491,0.0609138120907177,51.65749779820156,51.65749779820156
492,-0.1092312764672579,54.45541638741891,54.45541638741891
493,-0.03164084496948019,52.09185465407928,52.09185465407928
494,0.12130976999791834,50.499790286596784,50.499790286596784
495,0.014171691363990475,58.436496640518236,58.436496640518236
496,0.23193295399816943,59.81192529164116,59.81192529164116
497,0.03933178393943719,57.931428739967394,57.931428739967394
498,0.33123835734749063,58.53784921704667,58.53784921704667
499,0.3407508092400775,52.41977130317046,52.41977130317046
500,0.013354090478228232,59.606269755132,59.606269755132
501,-0.015246983638054391,51.96925704453428,51.96925704453428
502,0.07081086766885905,59.51429810361832,130.4734418987244
503,0.52546514376863,79.62798030325445,79.62798030325445
504,-0.07859894605079495,57.11722805746049,57.11722805746049
505,-0.1331232953557778,59.81143731791822,59.81143731791822
506,0.3025761987901387,55.695397795671035,55.695397795671035
507,0.5914399501468522,62.70168734512782,62.70168734512782
508,0.4825712684372532,54.36995885665621,54.36995885665621
509,-0.2152890592952483,55.93560935378786,55.93560935378786
510,0.038857860453096416,50.73081562027015,50.73081562027015
511,0.24929995174327907,56.22343264617246,56.22343264617246
512,0.6421805185325499,85.90167121625939,85.90167121625939
513,0.7739280889272759,77.35726796364402,77.35726796364402
514,0.008182935854756502,57.925951162883834,57.925951162883834
515,-0.009888965319114268,59.07898793779619,59.07898793779619
516,0.09190764829877686,59.43701592820221,59.43701592820221
517,0.7055642542386683,80.56973930392573,80.56973930392573
518,0.8028856956989471,66.54386290274016,66.54386290274016
519,0.032169780619601365,59.773079079915036,59.773079079915036
520,-0.06680904536430488,57.57310207134439,57.57310207134439
521,0.09920423495365228,51.61671436236962,51.61671436236962
522,0.7970799763807946,80.09930205533139,80.09930205533139
523,0.7741509140002302,78.85758350834732,78.85758350834732
524,0.9351043478046224,78.11260270135001,78.11260270135001
525,-0.08984679817910374,56.40615183548887,56.40615183548887
526,0.002818115736912825,56.66600479046619,56.66600479046619
527,-0.0009118996644203544,51.62699743808566,51.62699743808566
528,0.10858955658315782,55.650853124527565,55.650853124527565
529,0.9571018186425136,82.75120895770289,82.75120895770289
530,0.9316451643905923,81.04899808451617,81.04899808451617
531,1.0366788713641026,70.48119249585358,70.48119249585358
532,1.110832323225273,62.89687505466323,62.89687505466323
533,0.055781030635186225,53.57029343970012,53.57029343970012
534,0.0010352619843380607,59.26194068431782,59.26194068431782
535,0.853624129777192,75.70991726362986,75.70991726362986
536,0.8873270981537169,78.75311258975628,78.75311258975628
537,-0.030522470435466766,52.2207587069332,115.82068897415101
538,-0.06095122021592832,53.216699896595486,152.13443924943832
539,-0.0186971302985446,58.48042089601484,58.48042089601484
540,1.0045323316727186,82.13367816668121,82.13367816668121
541,0.052969275435673084,50.95399277313211,50.95399277313211
542,-0.007049877805909122,54.28702020986434,54.28702020986434
543,0.048650164382620195,50.291697636452646,50.291697636452646
544,0.006447441481012024,54.80890146603009,54.80890146603009
545,-0.19754665663538715,56.62434011701068,56.62434011701068
546,-0.09393353938187543,51.18502623598152,51.18502623598152
547,-0.014408755572161548,52.888849389091654,52.888849389091654
548,-0.12096947428411076,53.97836625502157,53.97836625502157
549,0.05999287299962045,59.195310246560496,59.195310246560496
550,0.15307508323436975,59.93255015422964,140.1089904792857
551,1.1217503128436068,63.84673311097086,63.84673311097086
552,-0.021344287093020803,57.61007923495392,57.61007923495392
553,0.14907261368499522,53.717240664023436,53.717240664023436
554,1.0117215216721536,67.82408586030058,67.82408586030058
555,-0.033708597111803934,57.54264973347023,57.54264973347023
556,-0.06134026635409398,59.18426432145409,59.18426432145409
557,-0.030246968648812836,59.50928594502548,59.50928594502548
558,-0.038817681854122876,55.77122586038321,55.77122586038321
559,0.01704162223754877,53.57121159300503,53.57121159300503
560,0.01605739810498646,57.875490858587796,57.875490858587796
561,0.000304602015341447,52.510013832623,52.510013832623
562,0.04369381697463499,55.64074028833518,55.64074028833518
563,0.11906462747863414,53.585784615248734,53.585784615248734
564,0.09495541354413238,56.56631073707876,56.56631073707876
565,-0.14848979684499036,52.403989128935066,52.403989128935066
566,-0.25539211349019547,51.915929457348255,51.915929457348255
567,0.09343199112392737,59.182390866754375,59.182390866754375
568,0.8531335720393907,78.82622717388195,78.82622717388195
569,-0.022476540189268354,55.05957907734932,138.14551320954715
570,-0.11701130260593595,52.208527829630086,52.208527829630086
571,-0.18019804375800197,50.38929963325668,50.38929963325668
572,0.054146272820478805,50.360188182914264,50.360188182914264
573,0.0759155160302647,51.75221772105827,143.49957800577846
574,0.9211514061421067,83.66725951410142,83.66725951410142
575,0.704737929345451,80.98935721377673,80.98935721377673
576,-0.05462444482524828,59.50459170575296,59.50459170575296
577,0.9841812192549232,80.99052935317036,80.99052935317036
578,-0.1478911568774129,54.36614189768766,54.36614189768766
579,0.018335991977915564,55.80088834669455,55.80088834669455
580,-0.0015309849172995557,55.166983852262675,55.166983852262675
581,0.9802834440646904,79.5308686573793,158.22836196082983
582,0.011958036841415326,52.824960659728525,52.824960659728525
583,-0.09730689408815556,53.53050391600303,132.69312353163087
584,0.11965715016644914,58.94094302533251,148.30954093279615
585,-0.015852957302697004,59.46456513150405,59.46456513150405
586,-0.002730453950993186,58.925582274864745,138.34319332402242
587,-0.09332679590731961,54.194479939573135,54.194479939573135
588,-0.044328225119151035,57.80365503006882,57.80365503006882
589,-0.0884802714026901,54.76335733301099,54.76335733301099
590,-0.0172946059923423,54.975398521461024,54.975398521461024
591,0.17117084801423435,52.04680109057284,52.04680109057284
592,-0.13719011429313563,55.91130303258517,55.91130303258517
593,-0.16135613978767413,51.86135897753348,51.86135897753348
594,1.0431108070406971,76.39830173122941,76.39830173122941
595,-0.02093236771518661,58.55030201619935,58.55030201619935
596,-0.06690727386599166,52.070758092108555,52.070758092108555
597,0.10399046873960766,50.71158285173433,50.71158285173433
598,-0.06056155397368641,50.690075926128166,50.690075926128166
599,0.18260097135469364,59.40784520503108,59.40784520503108
600,0.06779258713392691,55.06920437961835,55.06920437961835
601,-0.04879114081457027,54.09412071817018,54.09412071817018
602,0.21573082132655036,58.10878581007918,58.10878581007918
603,-0.060571492300333846,58.35825927910516,58.35825927910516
604,0.0742095372009307,53.32191033115605,53.32191033115605
605,0.029929258040649193,56.93618057473795,56.93618057473795
606,0.1301741289398798,57.711228158518864,57.711228158518864
607,0.15615111967268527,56.54650686865955,56.54650686865955
608,0.0032004149065766626,51.515950748000996,51.515950748000996
609,-0.07534178703461836,58.75883083517057,58.75883083517057
610,0.04599721429391165,55.39094552736009,55.39094552736009
611,-0.06777153697521061,52.824724263700034,52.824724263700034
612,0.20133872475266232,54.25228185437694,54.25228185437694
613,0.013653533108273745,50.375710903989074,50.375710903989074
614,0.8294932486532274,79.06122649102437,79.06122649102437
615,0.8510378852212619,79.23160259539742,79.23160259539742
616,-0.13471262895296965,50.000116347553664,50.000116347553664
617,-0.09716140385106516,54.165658284822925,54.165658284822925
618,0.9158032313252744,77.87292829742363,77.87292829742363
619,-0.06568942789713958,50.54634420000972,50.54634420000972
620,-0.10469109826819396,59.730781629723324,59.730781629723324
621,0.05366527525272862,52.26125331249672,52.26125331249672
622,0.1185704154662997,53.04198719636281,53.04198719636281
623,0.07189533106650668,53.03942512255027,53.03942512255027
624,0.09960476858058165,52.3041666211735,52.3041666211735
625,-0.07567950885694608,50.014738220863116,50.014738220863116
626,-0.14218106667418437,57.293447940879965,57.293447940879965
627,0.15013336519554868,59.66845499799285,59.66845499799285
628,-0.03226798388421358,52.24293483285045,121.8384629800459
629,-0.025083301645504735,56.630471918034225,56.630471918034225
630,0.1328194141849058,57.41896326958715,57.41896326958715
631,0.8113725752943242,71.61378811097725,71.61378811097725
632,0.04558877720816076,54.22629197013609,54.22629197013609
633,0.2165002344901084,53.029309056404294,53.029309056404294
634,-0.0643518230380143,53.25295134023031,53.25295134023031
635,0.09278401280812372,57.12621333098513,57.12621333098513
636,0.005701312489708451,58.16779466505636,58.16779466505636
637,0.026859227886325693,51.81613967756603,51.81613967756603
638,0.15284684264125317,53.70941008157765,53.70941008157765
639,0.05078357562896238,59.019401967491504,59.019401967491504
640,0.0538296079049633,58.06693519694739,58.06693519694739
641,0.10725073373098022,59.84858402762476,59.84858402762476
642,-0.03649527295428853,57.542482596820804,57.542482596820804
643,-0.08392096673390065,53.931952010279225,53.931952010279225
644,-0.10448091940210336,55.90637833994638,55.90637833994638
645,0.5160585124412628,76.08856694479526,76.08856694479526
646,0.20562071299403223,50.78455816317124,50.78455816317124
647,-0.11032083657216832,55.44496959103865,55.44496959103865
648,-0.022125362358577202,57.093208284726096,57.093208284726096
649,-0.02768132998889207,51.6732130400106,51.6732130400106
650,0.030740669780910074,57.80631717425557,57.80631717425557
651,0.08157372125392968,55.837727805141114,55.837727805141114
652,0.08604734883597454,59.52221785697594,59.52221785697594
653,-0.05830774385689385,50.42422298206892,50.42422298206892
654,-0.01671217137864115,52.65326137555467,52.65326137555467
655,0.028257995048829965,56.01553879299824,56.01553879299824
656,-0.02486911261835471,52.96559912205931,52.96559912205931
657,0.16073455760199928,57.14424164071242,57.14424164071242
658,0.04909749516382514,57.59005282521931,57.59005282521931
659,0.07348777860498175,51.02515964066475,51.02515964066475
660,0.06628812686674128,55.13854464206768,55.13854464206768
661,0.7841163862648244,79.41684779507253,79.41684779507253
662,0.018102155870370697,53.69280770215541,53.69280770215541
663,-0.12968319479558466,59.32924862569672,59.32924862569672
664,0.039968795175264166,58.27506319873221,58.27506319873221
665,-0.0651356893791829,56.972093819096365,56.972093819096365
666,-0.05286166817497569,57.14326635734997,57.14326635734997
667,0.05863640187550933,54.61716143813119,54.61716143813119
668,0.12382830714336357,59.209945210965756,59.209945210965756
669,0.002127157673606165,56.94595427253285,56.94595427253285
670,0.03088330125989638,57.289810616558164,57.289810616558164
671,0.7883804806841295,74.03576300420076,74.03576300420076
672,0.02407531794885683,52.74071589342191,143.65973713239867
673,0.2601683114180395,58.07070903866703,152.56637785681016
674,0.05655096456315442,51.95240602956492,51.95240602956492
675,0.3909835879471896,53.453419522448876,53.453419522448876
676,0.07533416211045325,53.356104542698425,53.356104542698425
677,0.03811583848827778,59.78525468389141,59.78525468389141
678,0.6426526669816802,72.61045584796996,72.61045584796996
679,0.5255446568544058,73.28823478039091,73.28823478039091
680,0.38708493700823604,57.2705676161539,57.2705676161539
681,-0.12242982362893658,55.62072794402571,55.62072794402571
682,-0.02090232572860253,59.47090667108519,59.47090667108519
683,-0.08505204542093002,54.96258752882362,54.96258752882362
684,0.2839677983451964,53.80517709869895,53.80517709869895
685,0.058857840442060966,51.63035336931591,51.63035336931591
686,0.16699045043514063,57.86205652261058,57.86205652261058
687,0.03946715298229811,57.34443932075592,57.34443932075592
688,-0.11958830620351844,53.84355038524135,53.84355038524135
689,0.04446026682201407,50.251934139592294,50.251934139592294
690,0.11966314866456512,58.389973277180104,58.389973277180104
691,-0.060978290431938226,50.114179834540735,50.114179834540735
692,-0.01340171666729177,57.03699779629051,57.03699779629051
693,0.0014688194729197094,59.702571097260574,59.702571097260574
694,-0.07848983130822401,54.37661328148204,54.37661328148204
695,0.0648280433843859,52.34973404995953,52.34973404995953
696,-0.012094814860778158,57.048710100433816,57.048710100433816
697,0.041953244390702776,58.17128142015585,58.17128142015585
698,-0.08874921778021001,55.46430316077847,55.46430316077847
699,-0.043745830032341046,59.67035275256146,59.67035275256146
700,0.07223813578277714,50.51668721657961,50.51668721657961
701,-0.0372833152091767,55.047955983045284,55.047955983045284
702,0.1726963851233405,57.1845394732255,57.1845394732255
703,-0.03996361856146024,58.62640471149179,58.62640471149179
704,0.022468472575188594,51.7925561190779,138.5001190711602
705,0.37499164002873886,58.000034817636816,58.000034817636816
706,-0.14183657329330318,55.527070757185456,55.527070757185456
707,0.044229651588463426,53.96553681989963,53.96553681989963
708,-0.1525656314570095,51.31715028579094,51.31715028579094
709,0.1262584103427182,58.65295758908913,58.65295758908913
710,-0.05518581458924468,51.572732081797156,105.65266808203907
711,0.2558199285668252,53.09787859209099,53.09787859209099
712,-0.05642475986573886,52.90045531962437,134.4692216220369
713,0.018455130319703698,58.714140341908546,58.714140341908546
714,0.15421099525678758,56.72702994208898,56.72702994208898
715,0.35861068478926283,57.96681397191372,57.96681397191372
716,0.3012064009678216,52.50467898792499,52.50467898792499
717,0.15256455655738127,56.24874099606999,56.24874099606999
718,0.10240625258114625,55.71745983143749,55.71745983143749
719,0.05925269492011831,58.32830376788271,58.32830376788271
720,0.046108174118595725,59.06087060481261,59.06087060481261
721,-0.055118571632853344,50.12156771477387,50.12156771477387
722,-0.08181988834223072,56.74019919058793,56.74019919058793
723,-0.0003374457410952052,50.51835799119729,50.51835799119729
724,-0.017018462252492844,55.488586650773556,55.488586650773556
725,-0.14037884823691035,52.876327290436784,52.876327290436784
726,0.06963874474567154,53.067765995221414,53.067765995221414
727,0.09553052085705108,53.52958503452356,53.52958503452356
728,0.008840688629184737,56.2129244904961,56.2129244904961
729,0.1477530081055262,53.34049965668769,53.34049965668769
730,-0.1141689114133505,57.326990505902806,57.326990505902806
731,-0.17736734190132164,54.0452738557387,54.0452738557387
732,-0.0716822320602805,50.683532003099586,50.683532003099586
733,-0.18665366170730602,57.837598424841076,57.837598424841076
734,-0.008268068584269926,52.85758324592706,52.85758324592706
735,-0.2324852836248687,54.32766879599263,54.32766879599263
736,0.15134497432421312,56.85443883221902,56.85443883221902
737,-0.2186513883859514,53.32456157148712,53.32456157148712
738,-0.1024186824329205,50.56585656146716,50.56585656146716
739,0.18540925663341884,53.739210470128135,53.739210470128135
740,0.1221033695525353,59.44448582694304,59.44448582694304
741,0.05820977034686158,56.417343972985584,120.01507194289552
742,-0.022648409884983192,56.71479148667207,56.71479148667207
743,-0.09594392367234798,56.322821536376395,56.322821536376395
744,-0.037220677607105304,51.989921389594365,51.989921389594365
745,-0.23314528135524937,54.1833386410228,54.1833386410228
746,0.1884586305934609,57.509397983633185,143.94830070616555
747,0.1543243528272189,51.01372897553159,51.01372897553159
748,-0.4498154775852418,52.77852776089712,52.77852776089712
749,-0.11196174332890113,52.76319108465854,52.76319108465854
750,0.014088624691120395,54.32018927594506,54.32018927594506
751,-0.635070458283696,59.803687409421855,59.803687409421855
752,0.03231677141847815,50.67502546683822,50.67502546683822
753,-0.014760258629866869,55.18700994380595,55.18700994380595
754,-0.046603650186824226,51.793646820122106,51.793646820122106
755,-0.15947030672667956,59.70676545409744,59.70676545409744
756,0.051360010656971655,51.13303504727464,51.13303504727464
757,-0.053270083966191144,54.036010023615916,54.036010023615916
758,-0.6306690751444355,57.378849848346064,57.378849848346064
759,-0.28722622132816494,57.045544280274456,57.045544280274456
760,-0.0027514905050636256,54.227286368939325,54.227286368939325
761,0.1772251596669744,53.46524167952718,139.07209397355743
762,0.166125921454787,53.976123785528706,53.976123785528706
763,-0.045709625658627184,52.64276263158639,52.64276263158639
764,-0.06022120603617806,52.053329387068,129.068299725143
765,0.04687742560750238,54.8303969755889,54.8303969755889
766,-0.09983854391882915,52.685337560676075,52.685337560676075
767,-0.5368806738808243,52.8746166489725,52.8746166489725
768,0.07660802783846904,56.56756063474557,56.56756063474557
769,-0.4954656638321743,59.68537331699892,59.68537331699892
770,-0.01001540764799528,56.03637200559375,56.03637200559375
771,-0.6871363755339879,50.76979467064966,50.76979467064966
772,-0.0877982586756561,50.75583613854067,50.75583613854067
773,-0.082688035403986,59.51423220845566,59.51423220845566
774,-0.022647889190152676,52.972907903073335,52.972907903073335
775,0.03673655068161781,50.92066986082475,50.92066986082475
776,0.09135846262332495,55.990445871503816,55.990445871503816
777,-0.0803178950680345,56.236487782902664,56.236487782902664
778,0.14926885689595218,56.485048201186885,56.485048201186885
779,-0.02711236010425688,52.67402027857541,52.67402027857541
780,-0.002136729434843616,50.15110684214475,50.15110684214475
781,-0.07472116791478234,59.65015369454472,59.65015369454472
782,-0.24242402602729418,52.508930456911024,52.508930456911024
783,0.08840453963610498,56.760262880525474,56.760262880525474
784,0.07368438970924333,57.066298698787094,57.066298698787094
785,-0.7408269270906838,56.100074170794855,56.100074170794855
786,0.0066990717224871925,53.12907394213648,53.12907394213648
787,0.051593921770409945,52.710962537640654,52.710962537640654
788,-0.15625458568865427,55.976682827027034,55.976682827027034
789,-0.8086548420888883,58.66095633611691,58.66095633611691
790,0.07942646796218272,59.46733728923395,59.46733728923395
791,-0.12542894231692495,51.05905804403758,51.05905804403758
792,0.02935579321666293,51.5482861259772,51.5482861259772
793,-0.13565818046234052,59.447362587830796,59.447362587830796
794,0.046642998243352635,57.365352283347924,57.365352283347924
795,-0.7993259887605809,58.82993824829773,58.82993824829773
796,-0.9940830362253226,52.02632634135343,52.02632634135343
797,0.11647393544571714,55.87585871109402,55.87585871109402
798,-0.07345915767980492,57.01139594417474,57.01139594417474
799,-0.9470506474858769,56.80111885446973,56.80111885446973
800,0.020056919723094285,54.081516908666984,54.081516908666984
801,0.11486373494287153,50.15394891691309,50.15394891691309
802,-0.1015821818978397,55.82926056804263,55.82926056804263
803,0.006167984984797165,52.53101539179609,52.53101539179609
804,0.0428816500330573,54.5025424614289,118.72961174527559
805,0.0693105607263144,59.57581015083817,59.57581015083817
806,-0.8783496187636134,53.99035317642435,53.99035317642435
807,-0.9590570780129135,58.39801606664427,58.39801606664427
808,-0.08275902206487197,51.88540605749251,51.88540605749251
809,0.008614388304637476,56.72460498025029,56.72460498025029
810,-1.052214719913229,59.770069544389436,59.770069544389436
811,-1.2559772069094026,51.01893100872937,51.01893100872937
812,0.043655980415766786,50.08319942227192,50.08319942227192
813,-0.8884089621061593,54.33582792632615,54.33582792632615
814,-1.2261146854351166,50.92625483051367,50.92625483051367
815,-0.10097307047099376,57.48384349676231,57.48384349676231
816,0.06191542610051978,59.14548663848559,59.14548663848559
817,0.20574954697116987,54.34020972708759,54.34020972708759
818,0.0020793707675407897,52.58711642155441,52.58711642155441
819,-0.07280029412291344,54.3440331900661,54.3440331900661
820,-1.0151444200624264,57.23447817850001,57.23447817850001
821,0.1374876419148185,50.09054161580371,50.09054161580371
822,-0.06459641791245353,55.89453989484697,55.89453989484697
823,-0.07991920066502536,56.13291684887379,131.0394140262759
824,-0.04827435221820325,56.37688246895935,56.37688246895935
825,-1.0952069884997464,52.420220799808774,52.420220799808774
826,0.012267031599479554,57.14052723378127,57.14052723378127
827,0.16246784584695606,50.913914863317764,50.913914863317764
828,0.03230792731160291,51.99270336466801,51.99270336466801
829,-0.025235350212628762,58.77470046654482,58.77470046654482
830,-0.029181126891554412,57.38723150726567,57.38723150726567
831,-0.15631908086966573,50.13745554011345,50.13745554011345
832,0.08831097771471591,52.483762603698004,52.483762603698004
833,-0.007783719701280204,52.144064829931644,52.144064829931644
834,-0.018047991359062567,52.70806328036973,52.70806328036973
835,0.3193107567844861,52.475597702798865,52.475597702798865
836,-0.9689920483464394,50.625262957428454,50.625262957428454
837,-0.07517910500951844,54.5894051659682,54.5894051659682
838,-0.04263575962055433,57.32733474786165,57.32733474786165
839,0.11484457091967548,56.067317247174365,56.067317247174365
840,0.011327041053776446,56.7287166859808,122.5173742484556
841,-0.1438277978317367,50.81149178536239,50.81149178536239
842,0.09192289345752036,59.514907101767875,59.514907101767875
843,-1.0606528730151537,58.384918338430246,58.384918338430246
844,0.18732977762175457,58.050903184956624,58.050903184956624
845,0.10800480657146486,58.229838050417676,58.229838050417676
846,-0.04473218956587512,59.327105081327616,59.327105081327616
847,-0.8567061168386968,55.442539661136976,55.442539661136976
848,0.00678555105274033,52.00282017867626,52.00282017867626
849,0.08527736751222195,56.16783607852541,56.16783607852541
850,0.04847328172944748,57.42881493667939,57.42881493667939
851,-0.08463566549908735,57.37917393354025,57.37917393354025
852,-0.0643549832317462,55.2144902416688,55.2144902416688
853,-0.8688154865654253,50.68458719333578,50.68458719333578
854,-0.03347753321065409,53.71112938430128,53.71112938430128
855,-0.04036484632419968,59.20766608463357,59.20766608463357
856,-0.0955122579349353,55.84448909757426,55.84448909757426
857,0.04235990655934611,55.38331943255714,55.38331943255714
858,0.2062524919243145,52.68853514382194,52.68853514382194
859,-0.10675329142542729,53.68448919916579,53.68448919916579
860,0.002421945667275807,58.95346089153169,58.95346089153169
861,0.14122205554154293,56.66463047526835,56.66463047526835
862,-0.007964139124571515,57.87387026752333,57.87387026752333
863,0.045237179624973395,54.54345423067655,54.54345423067655
864,-0.10623935281468798,56.30247219456158,56.30247219456158
865,0.04283070972076486,52.483836087432074,52.483836087432074
866,-0.018714426500454878,57.054608302834865,57.054608302834865
867,0.0985729995679863,54.276013337033376,54.276013337033376
868,-0.8361636362875985,54.425455148147456,54.425455148147456
869,-0.6751914960632451,56.49322324576882,56.49322324576882
870,0.057963317321357566,59.362806214689265,59.362806214689265
871,0.032579631658216646,50.64006346608621,50.64006346608621
872,0.019438430157733604,58.247432373470076,58.247432373470076
873,-0.03531662928106884,52.92383110412193,52.92383110412193
874,0.033848384346169116,54.43919454506378,54.43919454506378
875,-0.029540141013902944,50.21913328775009,50.21913328775009
876,0.016846097626961428,53.01046077834313,53.01046077834313
877,0.13175975356079597,55.0263124263013,55.0263124263013
878,-0.10065425652796411,50.56176077347439,50.56176077347439
879,0.11398785611290455,54.91095729383165,54.91095729383165
880,0.13171150673398654,59.27110628858427,59.27110628858427
881,-0.011806852699107875,51.05393218107805,51.05393218107805
882,-0.21218548990085948,57.64440728075505,57.64440728075505
883,-0.06078219870944325,54.096710533759925,54.096710533759925
884,0.12969945465611094,56.55173714524338,56.55173714524338
885,-0.0022868062298882124,52.602365979852294,52.602365979852294
886,-0.09993022322949108,51.59492262541358,51.59492262541358
887,-0.050477492122821745,51.60462614271226,51.60462614271226
888,0.08406200265045531,50.70491945643145,50.70491945643145
889,0.054673356820137936,51.85646704901243,51.85646704901243
890,-0.023893209916969433,56.64219384988968,56.64219384988968
891,-0.9463144365359871,58.81690611843508,58.81690611843508
892,-0.9206291783519642,58.14125685591162,58.14125685591162
893,-0.09224101844985026,56.85134309874484,56.85134309874484
894,0.16153756894694418,51.104318634111024,51.104318634111024
895,-0.03223204692113399,52.8918744629595,52.8918744629595
896,0.12171585208254965,53.09806875322469,53.09806875322469
897,-0.6975938247572694,52.499569463976215,52.499569463976215
898,0.09983108981479605,55.15005659709723,55.15005659709723
899,-0.043162031271804846,55.355538148796725,55.355538148796725
900,0.04037300903366095,53.5688597517111,53.5688597517111
901,-0.0024195606390916167,53.537891587364356,53.537891587364356
902,-0.09037018607301282,58.28555597906082,58.28555597906082
903,0.0324359281721603,57.892928483196854,57.892928483196854
904,-0.11790397911598026,53.077958316807454,53.077958316807454
905,-0.6958080132041797,59.13788443873259,59.13788443873259
906,-0.8226081940215966,59.52815017002506,59.52815017002506
907,0.02011596558728393,53.267425420300405,53.267425420300405
908,0.02832878715461422,53.54424948793055,53.54424948793055
909,-0.025890497370407734,55.05634153421959,55.05634153421959
910,0.058669380147527476,59.411208125336735,59.411208125336735
911,-0.04749036566225245,58.763194331423115,58.763194331423115
912,0.08712972974572442,51.0256796258359,51.0256796258359
913,-0.13459796802467486,53.92730743271416,53.92730743271416
914,0.012637957954641184,55.53371189749772,55.53371189749772
915,0.19389289990582848,55.031324725515404,55.031324725515404
916,-0.10003313246055748,51.93863067936893,51.93863067936893
917,-0.8023662057100179,58.58816771168155,58.58816771168155
918,0.0513907849658915,56.76940782996837,56.76940782996837
919,0.017958178193959794,58.379083748518035,58.379083748518035
920,-0.6550160015547557,58.58764279349472,58.58764279349472
921,0.04891871301476636,57.4835585366574,57.4835585366574
922,-0.5793154628303621,54.39210601249717,124.66324726945493
923,0.11096998419562232,56.105467550154245,56.105467550154245
924,0.040981865692851255,51.60365406119743,51.60365406119743
925,-0.024125765461854246,56.73645417474908,56.73645417474908
926,0.06725737012027314,51.79253255739281,51.79253255739281
927,0.18998819348952156,56.939495905101566,56.939495905101566
928,-0.013263374638257356,52.29598160753969,52.29598160753969
929,-0.09745293046706416,51.175513001502196,51.175513001502196
930,0.11070806692869728,51.652844901429575,150.77890851423152
931,-0.6049460454500002,50.0199213521907,50.0199213521907
932,-0.7579077720570013,57.1873961785353,57.1873961785353
933,0.08474216771504217,57.32401049058379,57.32401049058379
934,-0.05353281859539227,55.149333499132595,55.149333499132595
935,-0.009053328230416078,51.61362801055384,51.61362801055384
936,0.03319803305690146,50.835543375106894,50.835543375106894
937,-0.46714676812256234,50.19128966437287,50.19128966437287
938,0.07094518171390395,51.65748176965221,51.65748176965221
939,-0.043548637056984335,58.90855534983147,58.90855534983147
940,0.051310579817608275,52.415368417016815,52.415368417016815
941,-0.02595466775839172,53.54271327217216,53.54271327217216
942,0.0738810480887503,51.05345484481333,51.05345484481333
943,-0.36825816368786685,52.223613047481706,52.223613047481706
944,-0.09354387020445953,55.19224570780205,146.2166249318158
945,0.10859821161750323,56.07752683095653,56.07752683095653
946,-0.053596344511404805,52.45352314166211,52.45352314166211
947,-0.2908566758322122,50.577321592251174,50.577321592251174
948,-0.2753047143583524,53.91032869127399,53.91032869127399
949,0.18381836767951226,52.34203370926334,52.34203370926334
950,-0.022346598237185215,52.19553923229802,52.19553923229802
951,-0.03493167961181975,59.59862802713455,59.59862802713455
952,-0.001941960588773261,56.16300485925724,56.16300485925724
953,-0.2814659654645063,55.56878443172096,55.56878443172096
954,0.079994190194205,54.15775103523322,54.15775103523322
955,-0.1616310608436588,54.289443334301446,54.289443334301446
956,-0.10536824191463541,55.40905003838081,55.40905003838081
957,-0.10678029215791932,56.964298070361075,56.964298070361075
958,0.09503075919735758,57.02146096181829,57.02146096181829
959,0.17106133725819253,51.7169390770545,51.7169390770545
960,-0.01044492185374715,55.00112752076627,55.00112752076627
961,-0.016882172319001063,54.11958095034102,54.11958095034102
962,0.007005216311318139,58.705269662693844,58.705269662693844
963,0.11618783026081905,56.31418921218376,56.31418921218376
964,-0.09273531341905741,55.325040664159815,55.325040664159815
965,0.023836898273478513,51.15394642178917,51.15394642178917
966,0.09751976297824298,56.05637889323411,56.05637889323411
967,0.050109416993984524,51.17203905680233,51.17203905680233
968,0.01895816165987434,53.37206575565752,53.37206575565752
969,0.10010460925671412,51.42841964814332,51.42841964814332
970,-0.27032322929992375,56.92073647024369,56.92073647024369
971,-0.12146371240731922,52.062521138361525,52.062521138361525
972,-0.06540756831274239,53.91859373188026,53.91859373188026
973,-0.1830632896856457,58.95674777618778,58.95674777618778
974,0.051120259952498075,52.0431638339897,52.0431638339897
975,0.13736585451629577,55.078050639587794,55.078050639587794
976,-0.013744851462769186,54.19271661166022,54.19271661166022
977,0.09528745472029389,50.1812404104573,50.1812404104573
978,0.16122782579886455,57.927581135728126,57.927581135728126
979,0.13149144535840473,50.690459063145994,50.690459063145994
980,0.1639964529371393,54.74255020976953,54.74255020976953
981,0.07421274910718922,55.6067829493895,55.6067829493895
982,0.0075433638901592805,56.28426456614587,56.28426456614587
983,-0.16019658118971686,56.88631629307876,56.88631629307876
984,-0.02460624881299486,52.53272383522715,52.53272383522715
985,-0.08432465953161918,50.09978776658449,50.09978776658449
986,0.21709427174978138,57.23443662354912,57.23443662354912
987,-0.01758858124323366,55.35656599347578,55.35656599347578
988,0.012320480678448568,58.36117703207249,58.36117703207249
989,-0.07144391596970254,58.21388362900694,113.114267868044
990,0.004360244637245373,58.43326167787883,117.69710419455583
991,0.1695051040430753,54.8509465997954,54.8509465997954
992,-0.062264936173445196,53.336283958368654,53.336283958368654
993,0.019460745523724274,57.9155820259137,155.21412651819367
994,-0.07424705856980483,54.512941130292546,54.512941130292546
995,-0.1320022511220706,51.83442196403435,51.83442196403435
996,-0.1246008287470933,58.549740195614746,58.549740195614746
997,-0.0037036797048412024,58.82559876772348,58.82559876772348
998,-0.042930222451726494,54.6630975614017,54.6630975614017
999,-0.0692420979873856,50.75699727309787,50.75699727309787
